1,/home/m0re/projects/uni/mu/modules/face_recognizer/aligned_data/michiel/michiel_10.png
1,/home/m0re/projects/uni/mu/modules/face_recognizer/aligned_data/michiel/michiel_8.png
1,/home/m0re/projects/uni/mu/modules/face_recognizer/aligned_data/michiel/michiel_9.png
1,/home/m0re/projects/uni/mu/modules/face_recognizer/aligned_data/michiel/michiel_4.png
1,/home/m0re/projects/uni/mu/modules/face_recognizer/aligned_data/michiel/michiel_6.png
1,/home/m0re/projects/uni/mu/modules/face_recognizer/aligned_data/michiel/michiel_20.png
1,/home/m0re/projects/uni/mu/modules/face_recognizer/aligned_data/michiel/michiel_12.png
1,/home/m0re/projects/uni/mu/modules/face_recognizer/aligned_data/michiel/michiel_3.png
1,/home/m0re/projects/uni/mu/modules/face_recognizer/aligned_data/michiel/michiel_2.png
1,/home/m0re/projects/uni/mu/modules/face_recognizer/aligned_data/michiel/michiel_15.png
1,/home/m0re/projects/uni/mu/modules/face_recognizer/aligned_data/michiel/michiel_17.png
1,/home/m0re/projects/uni/mu/modules/face_recognizer/aligned_data/michiel/michiel_19.png
1,/home/m0re/projects/uni/mu/modules/face_recognizer/aligned_data/michiel/michiel_5.png
1,/home/m0re/projects/uni/mu/modules/face_recognizer/aligned_data/michiel/michiel_1.png
1,/home/m0re/projects/uni/mu/modules/face_recognizer/aligned_data/michiel/michiel_21.png
1,/home/m0re/projects/uni/mu/modules/face_recognizer/aligned_data/michiel/michiel_18.png
1,/home/m0re/projects/uni/mu/modules/face_recognizer/aligned_data/michiel/michiel_16.png
1,/home/m0re/projects/uni/mu/modules/face_recognizer/aligned_data/michiel/michiel_14.png
1,/home/m0re/projects/uni/mu/modules/face_recognizer/aligned_data/michiel/michiel_7.png
1,/home/m0re/projects/uni/mu/modules/face_recognizer/aligned_data/michiel/michiel_13.png
1,/home/m0re/projects/uni/mu/modules/face_recognizer/aligned_data/michiel/michiel_11.png
2,/home/m0re/projects/uni/mu/modules/face_recognizer/aligned_data/verna/verna_1.png
2,/home/m0re/projects/uni/mu/modules/face_recognizer/aligned_data/verna/verna_0.png
2,/home/m0re/projects/uni/mu/modules/face_recognizer/aligned_data/verna/verna_10.png
2,/home/m0re/projects/uni/mu/modules/face_recognizer/aligned_data/verna/verna_5.png
2,/home/m0re/projects/uni/mu/modules/face_recognizer/aligned_data/verna/verna_4.png
2,/home/m0re/projects/uni/mu/modules/face_recognizer/aligned_data/verna/verna_11.png
2,/home/m0re/projects/uni/mu/modules/face_recognizer/aligned_data/verna/verna_3.png
2,/home/m0re/projects/uni/mu/modules/face_recognizer/aligned_data/verna/verna_6.png
2,/home/m0re/projects/uni/mu/modules/face_recognizer/aligned_data/verna/verna_12.png
2,/home/m0re/projects/uni/mu/modules/face_recognizer/aligned_data/verna/verna_8.png
2,/home/m0re/projects/uni/mu/modules/face_recognizer/aligned_data/verna/verna_9.png
2,/home/m0re/projects/uni/mu/modules/face_recognizer/aligned_data/verna/verna_13.png
2,/home/m0re/projects/uni/mu/modules/face_recognizer/aligned_data/verna/verna_14.png
2,/home/m0re/projects/uni/mu/modules/face_recognizer/aligned_data/verna/verna_7.png
2,/home/m0re/projects/uni/mu/modules/face_recognizer/aligned_data/verna/verna_2.png
