1,/home/m0re/projects/uni/mu/client/modules/face_recognizer/aligned_data/michiel/michiel_4.png
1,/home/m0re/projects/uni/mu/client/modules/face_recognizer/aligned_data/michiel/michiel_1.png
1,/home/m0re/projects/uni/mu/client/modules/face_recognizer/aligned_data/michiel/michiel_6.png
1,/home/m0re/projects/uni/mu/client/modules/face_recognizer/aligned_data/michiel/michiel_19.png
1,/home/m0re/projects/uni/mu/client/modules/face_recognizer/aligned_data/michiel/michiel_18.png
1,/home/m0re/projects/uni/mu/client/modules/face_recognizer/aligned_data/michiel/michiel_21.png
1,/home/m0re/projects/uni/mu/client/modules/face_recognizer/aligned_data/michiel/michiel_15.png
1,/home/m0re/projects/uni/mu/client/modules/face_recognizer/aligned_data/michiel/michiel_17.png
1,/home/m0re/projects/uni/mu/client/modules/face_recognizer/aligned_data/michiel/michiel_16.png
1,/home/m0re/projects/uni/mu/client/modules/face_recognizer/aligned_data/michiel/michiel_0.png
1,/home/m0re/projects/uni/mu/client/modules/face_recognizer/aligned_data/michiel/michiel_10.png
1,/home/m0re/projects/uni/mu/client/modules/face_recognizer/aligned_data/michiel/michiel_13.png
1,/home/m0re/projects/uni/mu/client/modules/face_recognizer/aligned_data/michiel/michiel_11.png
1,/home/m0re/projects/uni/mu/client/modules/face_recognizer/aligned_data/michiel/michiel_14.png
1,/home/m0re/projects/uni/mu/client/modules/face_recognizer/aligned_data/michiel/michiel_20.png
2,/home/m0re/projects/uni/mu/client/modules/face_recognizer/aligned_data/martin/martin_20.png
2,/home/m0re/projects/uni/mu/client/modules/face_recognizer/aligned_data/martin/martin_1.png
2,/home/m0re/projects/uni/mu/client/modules/face_recognizer/aligned_data/martin/martin_19.png
2,/home/m0re/projects/uni/mu/client/modules/face_recognizer/aligned_data/martin/martin_15.png
2,/home/m0re/projects/uni/mu/client/modules/face_recognizer/aligned_data/martin/martin_3.png
2,/home/m0re/projects/uni/mu/client/modules/face_recognizer/aligned_data/martin/martin_11.png
2,/home/m0re/projects/uni/mu/client/modules/face_recognizer/aligned_data/martin/martin_14.png
2,/home/m0re/projects/uni/mu/client/modules/face_recognizer/aligned_data/martin/martin_6.png
2,/home/m0re/projects/uni/mu/client/modules/face_recognizer/aligned_data/martin/martin_16.png
2,/home/m0re/projects/uni/mu/client/modules/face_recognizer/aligned_data/martin/martin_10.png
2,/home/m0re/projects/uni/mu/client/modules/face_recognizer/aligned_data/martin/martin_8.png
2,/home/m0re/projects/uni/mu/client/modules/face_recognizer/aligned_data/martin/martin_12.png
2,/home/m0re/projects/uni/mu/client/modules/face_recognizer/aligned_data/martin/martin_4.png
2,/home/m0re/projects/uni/mu/client/modules/face_recognizer/aligned_data/martin/martin_17.png
2,/home/m0re/projects/uni/mu/client/modules/face_recognizer/aligned_data/martin/martin_0.png
2,/home/m0re/projects/uni/mu/client/modules/face_recognizer/aligned_data/martin/martin_7.png
2,/home/m0re/projects/uni/mu/client/modules/face_recognizer/aligned_data/martin/martin_9.png
2,/home/m0re/projects/uni/mu/client/modules/face_recognizer/aligned_data/martin/martin_18.png
2,/home/m0re/projects/uni/mu/client/modules/face_recognizer/aligned_data/martin/martin_2.png
2,/home/m0re/projects/uni/mu/client/modules/face_recognizer/aligned_data/martin/martin_13.png
3,/home/m0re/projects/uni/mu/client/modules/face_recognizer/aligned_data/verna/verna_12.png
3,/home/m0re/projects/uni/mu/client/modules/face_recognizer/aligned_data/verna/verna_6.png
3,/home/m0re/projects/uni/mu/client/modules/face_recognizer/aligned_data/verna/verna_5.png
3,/home/m0re/projects/uni/mu/client/modules/face_recognizer/aligned_data/verna/verna_13.png
3,/home/m0re/projects/uni/mu/client/modules/face_recognizer/aligned_data/verna/verna_3.png
3,/home/m0re/projects/uni/mu/client/modules/face_recognizer/aligned_data/verna/verna_2.png
3,/home/m0re/projects/uni/mu/client/modules/face_recognizer/aligned_data/verna/verna_14.png
3,/home/m0re/projects/uni/mu/client/modules/face_recognizer/aligned_data/verna/verna_11.png
3,/home/m0re/projects/uni/mu/client/modules/face_recognizer/aligned_data/verna/verna_10.png
3,/home/m0re/projects/uni/mu/client/modules/face_recognizer/aligned_data/verna/verna_4.png
3,/home/m0re/projects/uni/mu/client/modules/face_recognizer/aligned_data/verna/verna_7.png
3,/home/m0re/projects/uni/mu/client/modules/face_recognizer/aligned_data/verna/verna_8.png
3,/home/m0re/projects/uni/mu/client/modules/face_recognizer/aligned_data/verna/verna_0.png
3,/home/m0re/projects/uni/mu/client/modules/face_recognizer/aligned_data/verna/verna_9.png
3,/home/m0re/projects/uni/mu/client/modules/face_recognizer/aligned_data/verna/verna_1.png
4,/home/m0re/projects/uni/mu/client/modules/face_recognizer/aligned_data/adriaan/adriaan_12.png
4,/home/m0re/projects/uni/mu/client/modules/face_recognizer/aligned_data/adriaan/adriaan_4.png
4,/home/m0re/projects/uni/mu/client/modules/face_recognizer/aligned_data/adriaan/adriaan_17.png
4,/home/m0re/projects/uni/mu/client/modules/face_recognizer/aligned_data/adriaan/adriaan_14.png
4,/home/m0re/projects/uni/mu/client/modules/face_recognizer/aligned_data/adriaan/adriaan_1.png
4,/home/m0re/projects/uni/mu/client/modules/face_recognizer/aligned_data/adriaan/adriaan_9.png
4,/home/m0re/projects/uni/mu/client/modules/face_recognizer/aligned_data/adriaan/adriaan_18.png
4,/home/m0re/projects/uni/mu/client/modules/face_recognizer/aligned_data/adriaan/adriaan_3.png
4,/home/m0re/projects/uni/mu/client/modules/face_recognizer/aligned_data/adriaan/adriaan_8.png
4,/home/m0re/projects/uni/mu/client/modules/face_recognizer/aligned_data/adriaan/adriaan_7.png
4,/home/m0re/projects/uni/mu/client/modules/face_recognizer/aligned_data/adriaan/adriaan_20.png
4,/home/m0re/projects/uni/mu/client/modules/face_recognizer/aligned_data/adriaan/adriaan_13.png
4,/home/m0re/projects/uni/mu/client/modules/face_recognizer/aligned_data/adriaan/adriaan_0.png
4,/home/m0re/projects/uni/mu/client/modules/face_recognizer/aligned_data/adriaan/adriaan_2.png
4,/home/m0re/projects/uni/mu/client/modules/face_recognizer/aligned_data/adriaan/adriaan_10.png
4,/home/m0re/projects/uni/mu/client/modules/face_recognizer/aligned_data/adriaan/adriaan_6.png
4,/home/m0re/projects/uni/mu/client/modules/face_recognizer/aligned_data/adriaan/adriaan_19.png
4,/home/m0re/projects/uni/mu/client/modules/face_recognizer/aligned_data/adriaan/adriaan_5.png
4,/home/m0re/projects/uni/mu/client/modules/face_recognizer/aligned_data/adriaan/adriaan_11.png
